Type,Name,Code,Lot,Qty,Unit,Price
Wax,WAX-RAW,WAX-RAW,,76.75,kg,
Carton,CTN-KROOM-CAISSE-RECT,CTN-KRO-CAI-REC,,180,pcs,
Carton,CTN-KROOM-RECT-1.8KG,CTN-KRO-REC-1.8KG,,7125,pcs,
Carton,CTN-MOZZARELLA,CTN-MOZ,,1395,pcs,
Carton,CTN-KROOM-POT-CAISSE,CTN-KRO-POT-CAI,,390,pcs,
Carton,CTN-BOULE-CAISSE,CTN-BOU-CAI,,272,pcs,
Vacuum bag,VB-BLOC-1KG,VB-BLO-1KG,,3700,pcs,
Vacuum bag,VB-BLOC-1KG-GRAND,VB-BLO-1KG-GR,,2400,pcs,
Vacuum bag,VB-TRANS-MOZ-BLOC-1KG,VB-TR-MOZ-BLO-1KG,,2146,pcs,
Vacuum bag,VB-MOZ-RAPE-0.5KG,VB-MOZ-RAP-0.5KG,,1350,pcs,
Vacuum bag,VB-WHITE-PORTION-M,VB-WH-POR-M,,388,pcs,
Vacuum bag,VB-MOZ-RAPE-1KG,VB-MOZ-RAP-1KG,,1610,pcs,
Vacuum bag,VB-KROOM-PORTION,VB-KRO-POR,,4200,pcs,
Vacuum bag,VB-TRANS-PORTION-BOLA,VB-TR-POR-BOLA,,6550,pcs,
Vacuum bag,VB-TRANS-RAPE,VB-TR-RAP,,3750,pcs,
Vacuum bag,VB-KROOM-RECT,VB-KRO-REC,,15750,pcs,
Vacuum bag,VB-IDK-10KG,VB-IDK-10KG,,45,pcs,
Label,LBL-KHOUSIFINA-ROJA,LBL-KHO-ROJ,,5230,pcs,
Label,LBL-KHOUSIFINA,LBL-KHO,,4900,pcs,
Label,LBL-MOZABELLA-ROJA,LBL-MOZ-ROJ,,1100,pcs,
Label,LBL-MOZABELLA,LBL-MOZ,,4130,pcs,
Label,LBL-CAISSE-MOZABELLA-1KG,LBL-CAI-MOZ-1KG,,10300,pcs,
Label,LBL-CAISSE-HIBARELLA-1KG,LBL-CAI-HIB-1KG,,9800,pcs,
Label,LBL-HIBARELLA-BLOC,LBL-HIB-BLO,,4020,pcs,
Label,LBL-MOZABELLA-BLOC,LBL-MOZ-BLO,,5900,pcs,
Label,LBL-MOZAKROOM,LBL-MOZAKRO,,8800,pcs,
Label,LBL-KROOM-POT-SIDE,LBL-KRO-POT-SID,,6900,pcs,
Label,LBL-KROOM-POT-TOP,LBL-KRO-POT-TOP,,6600,pcs,
Label,LBL-KROOM-RECT,LBL-KRO-REC,,5600,pcs,
Label,LBL-KROOM-EDAMDE-RND-OLD,LBL-KRO-EDA-RND-OLD,,6150,pcs,
Label,LBL-KROOM-RND,LBL-KRO-RND,,2350,pcs,
Label,LBL-SANTRELLA-1KG,LBL-SAN-1KG,,7638,pcs,
Label,LBL-KING-RND,LBL-KIN-RND,,9750,pcs,
Label,LBL-SANDRELLA-RECT-190G,LBL-SAN-REC-190G,,19108,pcs,
Label,LBL-SANDRELLA-RECT-90G,LBL-SAN-REC-90G,,18800,pcs,
Label,LBL-HIBARELLA-190G,LBL-HIB-190G,,9700,pcs,
Label,LBL-SANDRELLA-RND-190G,LBL-SAN-RND-190G,,17000,pcs,
Label,LBL-SANDRELLA-RND-90G,LBL-SAN-RND-90G,,10900,pcs,
Label,LBL-SANDRELLA-RND-110G,LBL-SAN-RND-110G,,8671,pcs,
Label,LBL-SANDRELLA-RND-500G,LBL-SAN-RND-500G,,12640,pcs,
